<?xml version="1.0" encoding="UTF-8"?>
<cadastro>

    <administradores> 
    
        <administrador>
            <email>admin@furg.br</email>
            <senha>adm123</senha>
        </administrador>

        <administrador>
            <email>adminao2@furg.br</email>
            <senha>adm123</senha>
        </administrador>

        <administrador>
            <email>prae@furg.br</email>
            <senha>adm123</senha>
        </administrador>

   </administradores>


    <medicos>

        <medico>
            <nome>Joao da Silva</nome>
            <cidade>Rio Grande</cidade>
            <estado>PE</estado>
            <cep>11200300</cep>
            <endereco>Rua Furg2</endereco>
            <telefone>19912345678</telefone>
            <email>doutor@furg.br</email>
            <especialidade>ADMINISTRAÇÃO EM SAÚDE</especialidade>
            <crm>1234567</crm>
            <senha>dr123</senha>
        </medico>

        <medico>
            <nome>Joao da Silva</nome>
            <cidade>Rio Grande</cidade>
            <estado>RS</estado>
            <cep>11200300</cep>
            <endereco>Rua Furg</endereco>
            <telefone>19912345678</telefone>
            <email>doutorer@furg.br</email>
            <especialidade>ACUPUNTURA</especialidade>
            <crm>1234567</crm>
            <senha>dr123</senha>
        </medico>

    </medicos>


    <laboratorios>

        <laboratorio>
            <nome>Previlal</nome>
            <cidade>Rio Grande</cidade>
            <estado>MG</estado>
            <cep>11200300</cep>
            <endereco>Rua Prae</endereco>
            <telefone>53912345678</telefone>
            <email>lab@furg.br</email>
            <tipoExame>Exame de Sangue</tipoExame>
            <cnpj>11122233344455</cnpj>
            <senha>lab123</senha>
        </laboratorio>

        <laboratorio>
            <nome>Previlal</nome>
            <cidade>Rio Grande</cidade>
            <estado>AL</estado>
            <cep>11200300</cep>
            <endereco>Rua Prae</endereco>
            <telefone>53912345678</telefone>
            <email>labsp@furg.br</email>
            <tipoExame>Exame de Sangue</tipoExame>
            <cnpj>11122233344455</cnpj>
            <senha>lab123</senha>
        </laboratorio>

     </laboratorios>
    

    <pacientes>


        <paciente>
            <nome>Jorge Amado</nome>
            <cidade>Piracicaba</cidade>
            <estado>AL</estado>
            <cep>11200300</cep>
            <endereco>Rua dos maçons</endereco>
            <telefone>019912345678</telefone>
            <email>pac@furg.br</email>
            <genero>M</genero>
            <idade>43</idade>
            <cpf>11122233344</cpf>
            <senha>pac123</senha>
        </paciente>

        <paciente>
            <nome>Jorge Amado</nome>
            <cidade>Piracicaba</cidade>
            <estado>AC</estado>
            <cep>11200300</cep>
            <endereco>Rua dos maçons2</endereco>
            <telefone>019912345678</telefone>
            <email>pacer@furg.br</email>
            <genero>M</genero>
            <idade>43</idade>
            <cpf>11122233344</cpf>
            <senha>pac123</senha>
        </paciente>


    </pacientes>


    <consultas>

        <consulta>
            <emailMed>doutor@furg.br</emailMed>
            <crmMed>1234567</crmMed>
            <emailPac>pac@furg.br</emailPac>
            <cpfPac>11122233344</cpfPac>
            <motivoConsulta>O paciente se queixou de dor de cabeca</motivoConsulta>
            <dataConsulta>2028-04-22</dataConsulta>
            <obsConsulta>O paciente esta inquieto</obsConsulta>
            <receitaConsulta>DorFlex 5mg, 3cp ao dia</receitaConsulta>
        </consulta>


    <consulta><emailMed>doutor@furg.br</emailMed><crmMed>1234567</crmMed><emailPac>pac@furg.br</emailPac><cpfPac>11122233344</cpfPac><motivoConsulta>Dor</motivoConsulta><dataConsulta>2020-08-18</dataConsulta><obsConsulta>Nenhuma</obsConsulta><receitaConsulta>Nada</receitaConsulta></consulta><consulta><emailMed>doutor@furg.br</emailMed><crmMed>1234567</crmMed><emailPac>pac@furg.br</emailPac><cpfPac>11122233344</cpfPac><motivoConsulta>Dor</motivoConsulta><dataConsulta>2020-08-17</dataConsulta><obsConsulta>O paciente bateu a cabeça</obsConsulta><receitaConsulta>Nevralgex</receitaConsulta></consulta><consulta><emailMed>doutorer@furg.br</emailMed><crmMed>1234567</crmMed><emailPac>pac@furg.br</emailPac><cpfPac>11122233344</cpfPac><motivoConsulta>Dor na costa</motivoConsulta><dataConsulta>2020-08-18</dataConsulta><obsConsulta>O paciente caiu da escada e bateu com a costa no chão, deslocando levemente o 2 osso da coluna vertebral.</obsConsulta><receitaConsulta>Operação</receitaConsulta></consulta></consultas>


    <exames>

        <exame>
            <emailLab>lab@furg.br</emailLab>
            <cnpjLab>11122233344455</cnpjLab>
            <emailPac>pac@furg.br</emailPac>
            <cpfPac>11122233344</cpfPac>
            <motivoExame>Acucar no sangue</motivoExame>
            <dataExame>2020-08-17</dataExame>
            <obsExame>Paciente tem down</obsExame>
            <resultadoExame>22mg de açucar por litro de sangue</resultadoExame>
        </exame>






    <exame><emailLab>lab@furg.br</emailLab><cnpjLab>11122233344455</cnpjLab><emailPac>pacer@furg.br</emailPac><cpfPac>11122233344</cpfPac><motivoExame>Possibilidade de Cancer</motivoExame><dataExame>2020-08-19</dataExame><obsExame>O paciente esta com indicativos cancerígenos</obsExame><resultadoExame>Tem leucemia</resultadoExame></exame></exames>
    


</cadastro>
